name,number_of_reviews,food,service,price,decor,excellent,very_good,average,poor,terrible,sentiment_polarity_x,sentiment_subjectivity_x,InMichelin,Food,Decor,Service,Price,Number of Reviews,Excellent reviews,Very good reviews,Average reviews,Poor reviews,Terrible reviews,sentiment_polarity_y,sentiment_subjectivity_y
HISA FRANKO,756.0,45.0,45.0,40.0,45.0,319.0,50.0,27.0,6.0,9.0,0.3183934316061353,0.5688721231103792,,,,,,,,,,,,,
Palais de Chine Hotel -Le Palais,926.0,45.0,45.0,40.0,45.0,49.0,20.0,6.0,4.0,4.0,0.3484509706817928,0.601460063193093,,,,,,,,,,,,,
Taïrroir,282.0,45.0,45.0,40.0,45.0,64.0,23.0,10.0,1.0,2.0,0.3661363303744455,0.5911589042475898,,,,,,,,,,,,,
JL Studio,24.0,50.0,45.0,45.0,,9.0,1.0,0.0,0.0,0.0,,,,,,,,,,,,,,,
Addison Restaurant,293.0,45.0,50.0,40.0,45.0,204.0,37.0,18.0,10.0,9.0,0.2777140819438879,0.5603646612706178,,,,,,,,,,,,,
Addison Restaurant,293.0,45.0,50.0,40.0,45.0,204.0,37.0,18.0,10.0,9.0,0.2777140819438879,0.5603646612706178,,,,,,,,,,,,,
Addison Restaurant,293.0,45.0,50.0,40.0,45.0,204.0,37.0,18.0,10.0,9.0,0.2777140819438879,0.5603646612706178,,,,,,,,,,,,,
Quince,555.0,45.0,50.0,40.0,45.0,362.0,79.0,30.0,20.0,12.0,0.3454238137593736,0.615246756546838,,,,,,,,,,,,,
SingleThread Farm Restaurant,142.0,45.0,50.0,40.0,,100.0,17.0,9.0,6.0,6.0,0.2271819473724613,0.5814265048718867,,,,,,,,,,,,,
Per Se,1869.0,45.0,50.0,40.0,45.0,1193.0,220.0,105.0,49.0,21.0,0.2959406907194579,0.5935309762702243,,,,,,,,,,,,,
Per Se,1869.0,45.0,50.0,40.0,45.0,1193.0,220.0,105.0,49.0,21.0,0.2959406907194579,0.5935309762702243,,,,,,,,,,,,,
Les Amis,522.0,45.0,45.0,40.0,35.0,307.0,83.0,42.0,17.0,8.0,0.356773320373849,0.5961128242549699,,,,,,,,,,,,,
Odette's Restaurant,629.0,45.0,45.0,40.0,40.0,405.0,93.0,54.0,26.0,13.0,0.391032766250878,0.6338573895924229,,,,,,,,,,,,,
Noma,1778.0,45.0,50.0,40.0,45.0,936.0,159.0,60.0,35.0,33.0,0.3197283842090109,0.5872182999586816,,,,,,,,,,,,,
Koka,623.0,45.0,45.0,45.0,45.0,128.0,29.0,17.0,1.0,2.0,0.3798005591630591,0.6595711264430014,,,,,,,,,,,,,
Operakallaren,709.0,45.0,45.0,45.0,45.0,238.0,52.0,16.0,7.0,6.0,0.4366695770827427,0.6384815457268319,,,,,,,,,,,,,
Geranium,1157.0,50.0,45.0,45.0,45.0,611.0,67.0,30.0,18.0,7.0,0.3918706036258848,0.6334322240280502,,,,,,,,,,,,,
Geranium,1157.0,50.0,45.0,45.0,45.0,611.0,67.0,30.0,18.0,7.0,0.3918706036258848,0.6334322240280502,,,,,,,,,,,,,
Ta Vie,73.0,45.0,45.0,40.0,,42.0,11.0,7.0,0.0,3.0,0.2852615281010817,0.5782097894845927,,,,,,,,,,,,,
Ta Vie,73.0,45.0,45.0,40.0,,42.0,11.0,7.0,0.0,3.0,0.2852615281010817,0.5782097894845927,,,,,,,,,,,,,
Caprice (Central),967.0,45.0,45.0,40.0,45.0,552.0,127.0,56.0,21.0,13.0,0.285062813674971,0.561185222384161,,,,,,,,,,,,,
Sushi Yoshitake,169.0,50.0,50.0,40.0,45.0,98.0,4.0,3.0,2.0,2.0,0.3103078631698045,0.5641283362008722,,,,,,,,,,,,,
Sushi Yoshitake,169.0,50.0,50.0,40.0,45.0,98.0,4.0,3.0,2.0,2.0,0.3103078631698045,0.5641283362008722,,,,,,,,,,,,,
Sushi Yoshitake,169.0,50.0,50.0,40.0,45.0,98.0,4.0,3.0,2.0,2.0,0.3103078631698045,0.5641283362008722,,,,,,,,,,,,,
"T'ang Court - The Langham, Hong Kong",538.0,40.0,40.0,35.0,40.0,210.0,88.0,48.0,27.0,24.0,0.2451556073696709,0.5799212916190366,,,,,,,,,,,,,
Le Bernardin,3594.0,45.0,45.0,40.0,45.0,2222.0,412.0,203.0,58.0,46.0,0.3399785294176194,0.5967333685819233,1.0,28.0,27.0,28.0,100.0,3594.0,2222.0,412.0,203.0,58.0,46.0,0.3461202625542593,0.5974962574337066
Le Bernardin,3594.0,45.0,45.0,40.0,45.0,2222.0,412.0,203.0,58.0,46.0,0.3399785294176194,0.5967333685819233,1.0,28.0,27.0,28.0,100.0,3594.0,2222.0,412.0,203.0,58.0,46.0,0.3461202625542593,0.5974962574337066
8 1/2 Otto e Mezzo Bombana,564.0,45.0,45.0,40.0,40.0,273.0,110.0,48.0,17.0,9.0,0.275837510275015,0.5355820688694631,,,,,,,,,,,,,
The Eight,0.0,45.0,45.0,40.0,45.0,147.0,61.0,26.0,8.0,7.0,0.251096644117581,0.5771585069931852,,,,,,,,,,,,,
L'Atelier De Joël Robuchon Saint-Germain,2757.0,45.0,40.0,35.0,40.0,820.0,264.0,144.0,86.0,89.0,0.2511619062009133,0.5404980997808285,,,,,,,,,,,,,
L'Atelier De Joël Robuchon Saint-Germain,2757.0,45.0,40.0,35.0,40.0,820.0,264.0,144.0,86.0,89.0,0.2511619062009133,0.5404980997808285,,,,,,,,,,,,,
L'Atelier De Joël Robuchon Saint-Germain,2757.0,45.0,40.0,35.0,40.0,820.0,264.0,144.0,86.0,89.0,0.2511619062009133,0.5404980997808285,,,,,,,,,,,,,
L'Atelier De Joël Robuchon Saint-Germain,2757.0,45.0,40.0,35.0,40.0,820.0,264.0,144.0,86.0,89.0,0.2511619062009133,0.5404980997808285,,,,,,,,,,,,,
Jade Dragon,185.0,50.0,45.0,40.0,45.0,90.0,22.0,8.0,2.0,4.0,0.3328114520347006,0.5641281045169229,,,,,,,,,,,,,
De Librije,691.0,50.0,50.0,45.0,45.0,169.0,11.0,3.0,6.0,1.0,0.3282578295391912,0.5734305802998841,,,,,,,,,,,,,
SaQuaNa,1064.0,45.0,45.0,45.0,45.0,108.0,16.0,9.0,3.0,5.0,0.3074252805166155,0.5884494880446159,,,,,,,,,,,,,
JAN,1673.0,50.0,50.0,45.0,45.0,753.0,65.0,25.0,7.0,6.0,0.3325513273508881,0.602825729943914,,,,,,,,,,,,,
Restaurant Schwarzwaldstube,440.0,50.0,45.0,45.0,45.0,64.0,18.0,1.0,0.0,1.0,0.3695464681347246,0.604165674097088,,,,,,,,,,,,,
Restaurant Schwarzwaldstube,440.0,50.0,45.0,45.0,45.0,64.0,18.0,1.0,0.0,1.0,0.3695464681347246,0.604165674097088,,,,,,,,,,,,,
Restaurant Schwarzwaldstube,440.0,50.0,45.0,45.0,45.0,64.0,18.0,1.0,0.0,1.0,0.3695464681347246,0.604165674097088,,,,,,,,,,,,,
Rutz Restaurant - Weinbar,723.0,45.0,45.0,40.0,40.0,234.0,78.0,29.0,13.0,17.0,,,,,,,,,,,,,,,
Waldhotel Sonnora Restaurant,247.0,50.0,50.0,45.0,45.0,43.0,2.0,1.0,1.0,0.0,0.3337718021803215,0.5511730925929808,,,,,,,,,,,,,
Restaurant Schanz,256.0,50.0,45.0,45.0,50.0,30.0,2.0,0.0,0.0,0.0,,,,,,,,,,,,,,,
Victor's Fine Dining by Christian Bau,273.0,50.0,45.0,45.0,45.0,48.0,4.0,7.0,0.0,4.0,0.3114575924590974,0.5478308362005377,,,,,,,,,,,,,
The Table Kevin Fehling,244.0,50.0,50.0,45.0,,32.0,2.0,2.0,2.0,1.0,,,,,,,,,,,,,,,
L'Enclume,3136.0,45.0,45.0,45.0,45.0,2556.0,318.0,155.0,53.0,43.0,0.3292257752459864,0.6119213127858324,,,,,,,,,,,,,
Alain Ducasse at The Dorchester,1763.0,45.0,45.0,40.0,45.0,1033.0,238.0,143.0,83.0,46.0,0.3188372503989654,0.5947471892281707,,,,,,,,,,,,,
Alain Ducasse at The Dorchester,1763.0,45.0,45.0,40.0,45.0,1033.0,238.0,143.0,83.0,46.0,0.3188372503989654,0.5947471892281707,,,,,,,,,,,,,
Hélène Darroze at The Connaught,1319.0,45.0,45.0,40.0,45.0,777.0,178.0,97.0,62.0,25.0,0.2824610177862064,0.6112161080132302,,,,,,,,,,,,,
The Fat Duck,2276.0,45.0,50.0,40.0,45.0,1763.0,214.0,91.0,65.0,57.0,0.3698302469135802,0.5643827160493827,,,,,,,,,,,,,
Restaurant Gordon Ramsay,3356.0,45.0,50.0,40.0,45.0,2185.0,317.0,151.0,60.0,41.0,0.2603189651273266,0.5943575601183018,,,,,,,,,,,,,
Restaurant Gordon Ramsay,3356.0,45.0,50.0,40.0,45.0,2185.0,317.0,151.0,60.0,41.0,0.2603189651273266,0.5943575601183018,,,,,,,,,,,,,
Waterside Inn,1860.0,45.0,50.0,40.0,45.0,1517.0,170.0,90.0,26.0,19.0,0.4058558351115651,0.6370442964490078,,,,,,,,,,,,,
Vrijmoed,619.0,45.0,45.0,45.0,40.0,111.0,23.0,13.0,4.0,0.0,0.3574347666630887,0.5931916164450302,,,,,,,,,,,,,
The Jane,1664.0,45.0,45.0,45.0,45.0,270.0,46.0,17.0,10.0,5.0,,,,,,,,,,,,,,,
Hof van Cleve,483.0,50.0,50.0,45.0,45.0,92.0,7.0,6.0,2.0,0.0,0.3501028025600705,0.5947424026009811,,,,,,,,,,,,,
La Vague d'Or,473.0,50.0,50.0,45.0,50.0,91.0,10.0,4.0,1.0,3.0,0.3643606433239887,0.5605617718840763,,,,,,,,,,,,,
Auberge Du Vieux Puits,1246.0,50.0,45.0,45.0,45.0,85.0,7.0,2.0,0.0,0.0,0.3328582102092308,0.5778167255092794,,,,,,,,,,,,,
Hotel Restaurant Regis & Jacques Marcon,1167.0,50.0,50.0,45.0,45.0,42.0,1.0,0.0,0.0,0.0,0.3755112731347952,0.5970385144364417,,,,,,,,,,,,,
PIC,2694.0,50.0,50.0,45.0,45.0,147.0,19.0,9.0,4.0,3.0,0.4111841245990152,0.6367425552050868,,,,,,,,,,,,,
PIC,2694.0,50.0,50.0,45.0,45.0,147.0,19.0,9.0,4.0,3.0,0.4111841245990152,0.6367425552050868,,,,,,,,,,,,,
Troisgros,258.0,45.0,50.0,45.0,,18.0,3.0,1.0,2.0,0.0,0.4246255143104073,0.6674379266307074,,,,,,,,,,,,,
Restaurant Le Clos des Sens,969.0,45.0,45.0,40.0,45.0,69.0,13.0,6.0,6.0,4.0,0.4182192374035861,0.6332201815458118,,,,,,,,,,,,,
la marine,656.0,50.0,50.0,45.0,45.0,29.0,4.0,1.0,0.0,0.0,0.3510111926773851,0.5915442471653256,,,,,,,,,,,,,
Le Vivier restaurant,1839.0,45.0,45.0,45.0,45.0,228.0,42.0,13.0,8.0,3.0,0.4293294062824764,0.6125295755576458,,,,,,,,,,,,,
Les Pres d'Eugenie - Restaurant Michel Guérard,616.0,50.0,45.0,45.0,45.0,61.0,5.0,4.0,2.0,2.0,0.3684387861880683,0.5610047309981856,,,,,,,,,,,,,
Le Cinq,2275.0,50.0,50.0,40.0,50.0,960.0,100.0,37.0,15.0,11.0,0.3912147677411265,0.6576895405468787,,,,,,,,,,,,,
Le Cinq,2275.0,50.0,50.0,40.0,50.0,960.0,100.0,37.0,15.0,11.0,0.3912147677411265,0.6576895405468787,,,,,,,,,,,,,
Le 1947 à Cheval Blanc,66.0,45.0,50.0,40.0,45.0,23.0,0.0,1.0,3.0,2.0,0.351904250590153,0.6254304074158147,,,,,,,,,,,,,
Epicure,2926.0,50.0,50.0,45.0,45.0,1106.0,94.0,33.0,10.0,4.0,0.3453137466410037,0.5924159362071276,,,,,,,,,,,,,
Eleven Madison Park,2679.0,45.0,45.0,40.0,45.0,1583.0,280.0,196.0,83.0,76.0,0.254383568102655,0.5945012198667629,,,,,,,,,,,,,
Eleven Madison Park,2679.0,45.0,45.0,40.0,45.0,1583.0,280.0,196.0,83.0,76.0,0.254383568102655,0.5945012198667629,,,,,,,,,,,,,
L'Ambroisie,561.0,40.0,40.0,35.0,40.0,108.0,20.0,22.0,23.0,17.0,0.2683638434029138,0.5821466209116073,,,,,,,,,,,,,
Le Louis XV - Alain Ducasse à l'Hôtel de Paris,1029.0,45.0,45.0,40.0,45.0,329.0,47.0,32.0,13.0,12.0,0.344906626066862,0.6106293994588141,,,,,,,,,,,,,
Maison Lameloise,1710.0,50.0,50.0,45.0,45.0,401.0,58.0,15.0,3.0,3.0,,,,,,,,,,,,,,,
"La Dame de Pic, Raffles Singapore",97.0,45.0,45.0,40.0,40.0,57.0,11.0,10.0,4.0,5.0,0.2989000348276601,0.5803052950106982,,,,,,,,,,,,,
Cheval Blanc By Peter Knogl,544.0,50.0,50.0,45.0,45.0,183.0,20.0,6.0,1.0,0.0,0.4346180424502908,0.6434426457795491,,,,,,,,,,,,,
Pierre Gagnaire,1031.0,45.0,45.0,40.0,45.0,222.0,42.0,17.0,8.0,13.0,0.3220962576071272,0.6226075506618985,,,,,,,,,,,,,
Flocons de Sel,1086.0,50.0,50.0,45.0,45.0,115.0,9.0,7.0,1.0,1.0,0.3778197451420108,0.6163782265188515,,,,,,,,,,,,,
Le Pavillon de la Grande Cascade,1100.0,45.0,45.0,40.0,45.0,119.0,38.0,6.0,4.0,5.0,0.3383522727272727,0.7258585858585859,,,,,,,,,,,,,
Le Petit Nice Passedat restaurant gastronomique,1130.0,45.0,40.0,35.0,40.0,85.0,33.0,20.0,7.0,12.0,,,,,,,,,,,,,,,
de Silveren Spiegel,1743.0,50.0,50.0,45.0,45.0,948.0,102.0,27.0,12.0,9.0,0.4602549631566992,0.6681564959389034,,,,,,,,,,,,,
Bistrot L'Ancienne Auberge 1900,1445.0,40.0,35.0,35.0,40.0,24.0,28.0,26.0,18.0,14.0,,,,,,,,,,,,,,,
Alma By Juan Amador,722.0,45.0,45.0,45.0,40.0,542.0,91.0,23.0,9.0,9.0,,,,,,,,,,,,,,,
King's Joy,1389.0,45.0,45.0,40.0,50.0,206.0,34.0,18.0,5.0,5.0,,,,,,,,,,,,,,,
Sir Elly's Restaurant,80.0,45.0,45.0,40.0,,42.0,10.0,5.0,3.0,1.0,0.4119358380083473,0.5911604807790298,,,,,,,,,,,,,
Sir Elly's Restaurant,80.0,45.0,45.0,40.0,,42.0,10.0,5.0,3.0,1.0,0.4119358380083473,0.5911604807790298,,,,,,,,,,,,,
Mr & Mrs Bund - Seafood & Steak House by Paul Pairet,2002.0,45.0,45.0,40.0,45.0,870.0,360.0,149.0,59.0,36.0,0.3501835525585525,0.6221595483858415,,,,,,,,,,,,,
Martin Berasategui,1922.0,50.0,50.0,45.0,45.0,622.0,49.0,13.0,5.0,5.0,,,,,,,,,,,,,,,
Martin Berasategui,1922.0,50.0,50.0,45.0,45.0,622.0,49.0,13.0,5.0,5.0,,,,,,,,,,,,,,,
ABaC,2308.0,45.0,45.0,40.0,45.0,410.0,101.0,69.0,48.0,46.0,0.2429291913224269,0.586774978015117,,,,,,,,,,,,,
Disfrutar,2002.0,50.0,50.0,45.0,45.0,485.0,50.0,17.0,3.0,4.0,0.3279633012327015,0.5389994097776284,,,,,,,,,,,,,
Akelarre,1853.0,45.0,45.0,40.0,45.0,491.0,108.0,80.0,52.0,47.0,0.27792396720067,0.6100730438588964,,,,,,,,,,,,,
Atrio Restaurante,1519.0,50.0,50.0,40.0,45.0,164.0,14.0,4.0,1.0,1.0,0.3985814921689497,0.6120696451545636,,,,,,,,,,,,,
Restaurante Vuelve Carolina,1664.0,40.0,35.0,35.0,35.0,94.0,42.0,27.0,16.0,20.0,0.2294507522400565,0.5938541265083784,,,,,,,,,,,,,
La Taberna del Chef Del Mar,998.0,40.0,40.0,35.0,35.0,14.0,7.0,1.0,1.0,0.0,,,,,,,,,,,,,,,
DiverXO,2160.0,45.0,45.0,40.0,45.0,155.0,20.0,11.0,4.0,10.0,0.3133183723986374,0.590885554785857,,,,,,,,,,,,,
DiverXO,2160.0,45.0,45.0,40.0,45.0,155.0,20.0,11.0,4.0,10.0,0.3133183723986374,0.590885554785857,,,,,,,,,,,,,
Arzak,3293.0,45.0,45.0,40.0,45.0,1146.0,192.0,114.0,45.0,17.0,0.4518574102069283,0.6266104576428846,,,,,,,,,,,,,
Arzak,3293.0,45.0,45.0,40.0,45.0,1146.0,192.0,114.0,45.0,17.0,0.4518574102069283,0.6266104576428846,,,,,,,,,,,,,
El Celler de Can Roca,3220.0,50.0,50.0,45.0,45.0,771.0,50.0,26.0,14.0,9.0,0.3809117376387542,0.614202909847897,,,,,,,,,,,,,
Cenador de Amós,559.0,45.0,45.0,40.0,45.0,20.0,1.0,1.0,0.0,0.0,0.2993901797731431,0.5799541102943353,,,,,,,,,,,,,
L'Atelier de Joel Robuchon,840.0,45.0,45.0,40.0,45.0,377.0,145.0,55.0,25.0,16.0,0.2394957286251804,0.4913335302644803,,,,,,,,,,,,,
L'Atelier de Joel Robuchon,840.0,45.0,45.0,40.0,45.0,377.0,145.0,55.0,25.0,16.0,0.2394957286251804,0.4913335302644803,,,,,,,,,,,,,
Kadowaki,30.0,45.0,40.0,30.0,,11.0,5.0,2.0,1.0,1.0,0.1645369158619158,0.536403643023643,,,,,,,,,,,,,
Ishikawa,131.0,50.0,50.0,45.0,45.0,65.0,6.0,2.0,3.0,1.0,0.2703411424982289,0.5636664978618485,,,,,,,,,,,,,
Sazenka,12.0,50.0,45.0,45.0,,1.0,0.0,0.0,0.0,0.0,,,,,,,,,,,,,,,
Kanda,60.0,45.0,45.0,40.0,45.0,36.0,4.0,2.0,1.0,0.0,0.2728522551124237,0.5617173274440266,,,,,,,,,,,,,
Makimura,14.0,50.0,50.0,50.0,,1.0,0.0,0.0,0.0,0.0,,,,,,,,,,,,,,,
Osteria Francescana,2689.0,45.0,45.0,40.0,40.0,629.0,120.0,76.0,37.0,41.0,,,,,,,,,,,,,,,
Ristorante Reale,733.0,45.0,45.0,40.0,45.0,31.0,4.0,2.0,2.0,5.0,0.2835735898122204,0.5865871754377362,,,,,,,,,,,,,
La Pergola,2645.0,45.0,45.0,40.0,45.0,709.0,138.0,64.0,30.0,15.0,0.3813262472556702,0.6155674938902151,,,,,,,,,,,,,
Ristorante Villa Crespi,4777.0,50.0,50.0,45.0,50.0,125.0,26.0,12.0,5.0,3.0,0.3691831528509214,0.6212248936309981,,,,,,,,,,,,,
Dal Pescatore,912.0,45.0,45.0,40.0,45.0,65.0,4.0,2.0,1.0,0.0,0.3210565752855771,0.585768770010448,,,,,,,,,,,,,
Da O' Vittorio,1906.0,40.0,40.0,35.0,40.0,51.0,22.0,4.0,1.0,0.0,,,,,,,,,,,,,,,
Ristorante Uliassi,1717.0,50.0,45.0,45.0,45.0,74.0,5.0,3.0,1.0,1.0,0.2861332187531982,0.5658921290853536,,,,,,,,,,,,,
Il Luogo di Aimo e Nadia,1191.0,45.0,45.0,35.0,40.0,178.0,45.0,26.0,11.0,6.0,0.3800100923862967,0.6376025138115021,,,,,,,,,,,,,
Ristorante Enrico Bartolini,381.0,45.0,45.0,40.0,,29.0,1.0,4.0,3.0,2.0,0.3020943263377612,0.6159977006569268,,,,,,,,,,,,,
Restaurant de l’Hotel de Ville Crissier,880.0,50.0,45.0,45.0,45.0,170.0,20.0,7.0,2.0,1.0,0.301420797818295,0.6040420445557222,,,,,,,,,,,,,
Materia,533.0,45.0,45.0,45.0,,78.0,8.0,3.0,4.0,3.0,0.3457171562648543,0.6365189440884428,,,,,,,,,,,,,
Auberge du Cheval Blanc,552.0,50.0,45.0,45.0,45.0,20.0,6.0,0.0,0.0,1.0,,,,,,,,,,,,,,,
Masa,293.0,45.0,40.0,30.0,40.0,121.0,31.0,24.0,20.0,18.0,0.239941817965008,0.6465353161167641,,,,,,,,,,,,,
Kashiwaya,30.0,50.0,50.0,45.0,,14.0,2.0,3.0,1.0,0.0,0.2897480651448613,0.5969114146727067,,,,,,,,,,,,,
Bottiglieria 1881,345.0,50.0,45.0,45.0,45.0,141.0,19.0,6.0,5.0,4.0,,,,,,,,,,,,,,,
Kichisen,104.0,45.0,40.0,35.0,40.0,42.0,12.0,5.0,4.0,12.0,0.2287096062172045,0.5304688149834981,,,,,,,,,,,,,
Gion Sasaki,34.0,50.0,45.0,45.0,,9.0,1.0,0.0,0.0,0.0,,,,,,,,,,,,,,,
Hajime,95.0,45.0,45.0,40.0,40.0,36.0,5.0,4.0,2.0,2.0,0.2662779029246217,0.6031387023211577,,,,,,,,,,,,,
Taian,51.0,45.0,45.0,40.0,45.0,15.0,5.0,7.0,3.0,1.0,0.1762400325603478,0.4988802884892439,,,,,,,,,,,,,
Kikunoi,300.0,45.0,45.0,40.0,45.0,99.0,16.0,19.0,9.0,8.0,0.2119747951770061,0.5714171833706277,,,,,,,,,,,,,
Inn at Little Washington,945.0,50.0,45.0,40.0,45.0,770.0,89.0,49.0,19.0,9.0,0.2939893173246193,0.5766359012909056,,,,,,,,,,,,,
Restaurant Milka,517.0,45.0,45.0,45.0,40.0,305.0,24.0,5.0,7.0,8.0,0.3965006618522222,0.575875101085383,,,,,,,,,,,,,
Stand Restaurant,321.0,50.0,50.0,45.0,50.0,196.0,9.0,1.0,0.0,0.0,,,,,,,,,,,,,,,
Platán Gourmet Restaurant,318.0,45.0,45.0,45.0,45.0,81.0,28.0,6.0,2.0,3.0,0.3718022522632561,0.6263090116441496,,,,,,,,,,,,,
Yu ZhiLan,13.0,45.0,40.0,40.0,,4.0,3.0,0.0,1.0,1.0,,,,,,,,,,,,,,,
El Molino de Urdániz,267.0,45.0,40.0,40.0,35.0,15.0,2.0,0.0,0.0,0.0,,,,,,,,,,,,,,,
Le Séjour Café,1813.0,45.0,50.0,45.0,45.0,632.0,103.0,21.0,7.0,3.0,0.4212094539141414,0.635637009328304,,,,,,,,,,,,,
Raw,199.0,45.0,45.0,40.0,,57.0,12.0,5.0,3.0,9.0,0.2510320844429216,0.6071091799885399,,,,,,,,,,,,,
Seta,1085.0,45.0,45.0,40.0,,186.0,37.0,8.0,4.0,5.0,0.3656024177019359,0.6760611386084678,,,,,,,,,,,,,
Melisse,325.0,45.0,45.0,35.0,45.0,198.0,48.0,23.0,16.0,10.0,0.2988893946956907,0.5832248860638992,,,,,,,,,,,,,
Melisse,325.0,45.0,45.0,35.0,45.0,198.0,48.0,23.0,16.0,10.0,0.2988893946956907,0.5832248860638992,,,,,,,,,,,,,
Acquerello,361.0,45.0,50.0,45.0,45.0,264.0,38.0,16.0,12.0,8.0,0.3601045134902091,0.6264735644625468,,,,,,,,,,,,,
Providence,805.0,45.0,45.0,40.0,40.0,553.0,110.0,46.0,18.0,7.0,,,,,,,,,,,,,,,
The Butchers Arms,482.0,50.0,45.0,45.0,45.0,412.0,40.0,16.0,5.0,9.0,0.3561798706224145,0.5951954085684515,,,,,,,,,,,,,
Le Manoir aux Quat'Saisons Restaurant,2668.0,50.0,50.0,40.0,45.0,2190.0,239.0,118.0,39.0,17.0,0.4132524540336529,0.6652791543025279,,,,,,,,,,,,,
Lazy Bear,108.0,45.0,45.0,40.0,45.0,74.0,21.0,5.0,4.0,1.0,0.2458892995876291,0.5597348222888223,,,,,,,,,,,,,
Californios,54.0,45.0,50.0,40.0,,41.0,8.0,1.0,2.0,1.0,0.3050989731657622,0.5606551287092587,,,,,,,,,,,,,
Min Jiang at Dempsey,290.0,45.0,40.0,35.0,40.0,105.0,86.0,40.0,10.0,11.0,0.3040328803141303,0.540156635031635,,,,,,,,,,,,,
Imperial Treasure Fine Teochew Cuisine,183.0,45.0,40.0,40.0,35.0,60.0,71.0,22.0,2.0,6.0,,,,,,,,,,,,,,,
Odette,482.0,45.0,45.0,40.0,,318.0,57.0,30.0,12.0,8.0,0.3132077253274841,0.5744931889549679,,,,,,,,,,,,,
Thevar,155.0,45.0,45.0,40.0,40.0,100.0,29.0,11.0,5.0,6.0,0.4603657309384248,0.6475243051936457,,,,,,,,,,,,,
JAAN by Kirk Westaway,780.0,45.0,45.0,40.0,45.0,450.0,122.0,54.0,21.0,16.0,0.5066062990768038,0.6457041439507245,,,,,,,,,,,,,
Le Clos Saint Pierre,446.0,45.0,45.0,40.0,40.0,112.0,19.0,10.0,4.0,1.0,0.3811407338375555,0.5957266747256732,,,,,,,,,,,,,
Soelleroed Kro,397.0,50.0,50.0,45.0,50.0,144.0,28.0,6.0,1.0,0.0,0.4185955270380966,0.5979497770583801,,,,,,,,,,,,,
Alchemist,153.0,50.0,50.0,45.0,,89.0,2.0,0.0,1.0,1.0,0.3029543351776316,0.6596474201126533,,,,,,,,,,,,,
RE- NAA,355.0,45.0,45.0,40.0,40.0,128.0,38.0,7.0,2.0,1.0,,,,,,,,,,,,,,,
Aloe,173.0,50.0,50.0,50.0,,33.0,3.0,3.0,1.0,1.0,0.2925135998555468,0.5724796135892243,,,,,,,,,,,,,
Aira,54.0,50.0,50.0,50.0,,17.0,1.0,1.0,0.0,0.0,,,,,,,,,,,,,,,
Bloom in the park,440.0,45.0,40.0,40.0,40.0,128.0,26.0,11.0,17.0,18.0,0.2494440811072508,0.5741389846491219,,,,,,,,,,,,,
Rolfs Koek,1364.0,45.0,45.0,40.0,45.0,402.0,193.0,40.0,15.0,5.0,,,,,,,,,,,,,,,
Restaurant Frederikshoj,307.0,50.0,50.0,45.0,45.0,77.0,8.0,1.0,2.0,0.0,0.375709447376369,0.5231791008529075,,,,,,,,,,,,,
Kiin Kiin,894.0,45.0,45.0,40.0,45.0,381.0,74.0,22.0,24.0,22.0,0.1935296206773609,0.5532065027946536,,,,,,,,,,,,,
Kong Hans Kaelder,325.0,45.0,45.0,40.0,45.0,141.0,34.0,12.0,6.0,2.0,0.1736120163793547,0.4804272953581751,,,,,,,,,,,,,
180 Degrees Restaurant,151.0,50.0,45.0,45.0,45.0,108.0,4.0,9.0,3.0,2.0,0.3925477463957297,0.6234542784604545,,,,,,,,,,,,,
Trèsind Dubai,874.0,45.0,45.0,40.0,45.0,615.0,156.0,36.0,18.0,17.0,0.3676681039586522,0.6245690541729689,,,,,,,,,,,,,
IL RISTORANTE - NIKO ROMITO,507.0,50.0,50.0,45.0,,62.0,8.0,1.0,3.0,1.0,,,,,,,,,,,,,,,
Alleno Paris,866.0,45.0,45.0,40.0,45.0,183.0,26.0,26.0,14.0,14.0,0.3469660097661453,0.6169244200334256,,,,,,,,,,,,,
Akordu,13.0,50.0,50.0,45.0,,1.0,0.0,0.0,0.0,0.0,,,,,,,,,,,,,,,
Octavium Italian Restaurant,61.0,45.0,45.0,40.0,,27.0,12.0,5.0,4.0,3.0,0.1996316477096331,0.5064032825833534,,,,,,,,,,,,,
Mizumi at Wynn Macau,53.0,45.0,45.0,40.0,,23.0,3.0,5.0,1.0,1.0,0.3555682358272818,0.6014446773986247,,,,,,,,,,,,,
Wing Lei,175.0,45.0,40.0,40.0,40.0,34.0,13.0,8.0,4.0,2.0,,,,,,,,,,,,,,,
Tin Lung Heen,1723.0,45.0,50.0,40.0,45.0,945.0,151.0,40.0,16.0,14.0,,,,,,,,,,,,,,,
Tin Lung Heen,1723.0,45.0,50.0,40.0,45.0,945.0,151.0,40.0,16.0,14.0,,,,,,,,,,,,,,,
Spring Moon,400.0,45.0,45.0,35.0,45.0,136.0,49.0,22.0,9.0,7.0,0.2398886510703686,0.5627874371074616,,,,,,,,,,,,,
L'Envol,340.0,50.0,50.0,45.0,,20.0,1.0,0.0,0.0,0.0,0.4574774362810336,0.6431744208759284,,,,,,,,,,,,,
Feng Wei Ju,37.0,40.0,45.0,35.0,,8.0,2.0,1.0,0.0,2.0,,,,,,,,,,,,,,,
Amber,1146.0,45.0,45.0,40.0,45.0,656.0,147.0,60.0,17.0,12.0,0.3866330239795049,0.6214834982752181,,,,,,,,,,,,,
Lai Ching Heen - Regent Hong Kong,956.0,45.0,45.0,40.0,40.0,504.0,105.0,26.0,10.0,6.0,0.3663285483818764,0.5705458889320959,,,,,,,,,,,,,
Ying Jee Club,61.0,45.0,50.0,40.0,,19.0,11.0,2.0,1.0,1.0,0.2533227386648439,0.5975457352797579,,,,,,,,,,,,,
De Nieuwe Winkel,231.0,45.0,45.0,45.0,40.0,30.0,6.0,2.0,2.0,0.0,,,,,,,,,,,,,,,
Restaurant Flore,793.0,45.0,45.0,40.0,45.0,371.0,55.0,20.0,9.0,11.0,0.3717272198295216,0.6386393108558676,,,,,,,,,,,,,
Restaurant Julemont,99.0,45.0,45.0,40.0,45.0,8.0,1.0,2.0,0.0,1.0,0.4904195011337868,0.5974489795918367,,,,,,,,,,,,,
14 Wall Street,,,,,,,,,,,,,0.0,19.0,20.0,19.0,50.0,1127.0,164.0,205.0,148.0,138.0,231.0,0.057940068150007,0.527306791482835
,,,,,,,,,,,,,0.0,17.0,17.0,16.0,43.0,785.0,0.0,3.0,4.0,2.0,1.0,,
,,,,,,,,,,,,,1.0,19.0,23.0,16.0,52.0,853.0,624.0,128.0,49.0,18.0,14.0,,
,,,,,,,,,,,,,0.0,18.0,17.0,17.0,36.0,78.0,25.0,31.0,11.0,0.0,1.0,,
,,,,,,,,,,,,,1.0,24.0,21.0,22.0,51.0,455.0,228.0,138.0,41.0,17.0,6.0,,
,,,,,,,,,,,,,0.0,25.0,26.0,27.0,71.0,720.0,418.0,104.0,61.0,65.0,71.0,,
,,,,,,,,,,,,,1.0,23.0,20.0,20.0,50.0,592.0,89.0,43.0,17.0,13.0,5.0,,
,,,,,,,,,,,,,1.0,24.0,25.0,24.0,64.0,800.0,540.0,172.0,40.0,21.0,17.0,,
,,,,,,,,,,,,,0.0,17.0,19.0,17.0,41.0,232.0,2.0,5.0,2.0,0.0,0.0,,
,,,,,,,,,,,,,1.0,24.0,22.0,24.0,66.0,2001.0,1672.0,152.0,24.0,9.0,3.0,,
,,,,,,,,,,,,,0.0,18.0,17.0,19.0,40.0,640.0,63.0,62.0,20.0,10.0,10.0,,
,,,,,,,,,,,,,0.0,21.0,21.0,17.0,34.0,399.0,78.0,66.0,23.0,17.0,44.0,,
,,,,,,,,,,,,,0.0,20.0,20.0,17.0,37.0,7660.0,2230.0,733.0,177.0,41.0,33.0,,
,,,,,,,,,,,,,0.0,21.0,18.0,15.0,34.0,801.0,552.0,132.0,48.0,18.0,10.0,,
,,,,,,,,,,,,,1.0,21.0,23.0,22.0,66.0,1453.0,1187.0,65.0,23.0,28.0,61.0,,
,,,,,,,,,,,,,0.0,20.0,19.0,15.0,28.0,2110.0,1665.0,128.0,10.0,3.0,4.0,,
,,,,,,,,,,,,,0.0,19.0,13.0,16.0,29.0,1960.0,42.0,31.0,8.0,8.0,4.0,,
,,,,,,,,,,,,,1.0,23.0,21.0,21.0,47.0,1091.0,80.0,96.0,59.0,48.0,54.0,,
,,,,,,,,,,,,,1.0,23.0,22.0,19.0,59.0,1547.0,735.0,25.0,11.0,5.0,8.0,,
,,,,,,,,,,,,,1.0,22.0,20.0,23.0,50.0,263.0,39.0,23.0,7.0,7.0,2.0,,
,,,,,,,,,,,,,1.0,23.0,15.0,20.0,41.0,118.0,49.0,46.0,10.0,4.0,2.0,,
,,,,,,,,,,,,,0.0,20.0,20.0,17.0,35.0,2326.0,1446.0,526.0,177.0,92.0,60.0,,
,,,,,,,,,,,,,0.0,23.0,19.0,23.0,46.0,661.0,511.0,5.0,2.0,1.0,0.0,,
,,,,,,,,,,,,,1.0,22.0,23.0,20.0,60.0,900.0,194.0,136.0,41.0,16.0,15.0,,
,,,,,,,,,,,,,1.0,24.0,20.0,23.0,43.0,746.0,108.0,32.0,8.0,6.0,3.0,,
,,,,,,,,,,,,,0.0,17.0,17.0,17.0,34.0,498.0,38.0,24.0,7.0,3.0,1.0,,
,,,,,,,,,,,,,0.0,26.0,13.0,14.0,13.0,295.0,182.0,79.0,18.0,9.0,7.0,,
,,,,,,,,,,,,,0.0,18.0,14.0,16.0,28.0,1134.0,252.0,68.0,24.0,11.0,9.0,,
,,,,,,,,,,,,,1.0,19.0,19.0,20.0,47.0,598.0,32.0,16.0,5.0,3.0,0.0,,
,,,,,,,,,,,,,1.0,20.0,15.0,15.0,50.0,396.0,144.0,84.0,32.0,20.0,29.0,,
,,,,,,,,,,,,,0.0,20.0,19.0,19.0,44.0,497.0,64.0,87.0,22.0,9.0,8.0,,
,,,,,,,,,,,,,0.0,20.0,14.0,16.0,50.0,1712.0,467.0,291.0,80.0,23.0,42.0,,
,,,,,,,,,,,,,0.0,18.0,15.0,19.0,46.0,1157.0,114.0,41.0,7.0,6.0,6.0,,
,,,,,,,,,,,,,0.0,21.0,20.0,21.0,53.0,1261.0,11.0,8.0,1.0,0.0,0.0,,
,,,,,,,,,,,,,1.0,23.0,15.0,21.0,40.0,1815.0,952.0,436.0,199.0,86.0,58.0,,
,,,,,,,,,,,,,0.0,21.0,20.0,18.0,37.0,885.0,53.0,29.0,10.0,11.0,7.0,,
,,,,,,,,,,,,,1.0,23.0,24.0,24.0,66.0,1196.0,680.0,331.0,129.0,34.0,19.0,,
,,,,,,,,,,,,,0.0,18.0,18.0,17.0,41.0,2524.0,1067.0,772.0,248.0,85.0,60.0,,
,,,,,,,,,,,,,0.0,19.0,14.0,17.0,34.0,328.0,156.0,97.0,30.0,21.0,11.0,,
,,,,,,,,,,,,,1.0,26.0,20.0,24.0,68.0,771.0,206.0,72.0,29.0,11.0,6.0,,
,,,,,,,,,,,,,1.0,20.0,19.0,18.0,45.0,962.0,307.0,365.0,129.0,47.0,33.0,,
,,,,,,,,,,,,,1.0,18.0,17.0,17.0,42.0,521.0,185.0,177.0,50.0,10.0,2.0,,
,,,,,,,,,,,,,0.0,18.0,18.0,16.0,39.0,5559.0,724.0,515.0,311.0,184.0,173.0,,
,,,,,,,,,,,,,1.0,21.0,18.0,20.0,48.0,540.0,356.0,107.0,39.0,17.0,12.0,,
,,,,,,,,,,,,,1.0,21.0,21.0,17.0,43.0,160.0,74.0,25.0,14.0,4.0,7.0,,
,,,,,,,,,,,,,1.0,24.0,21.0,19.0,51.0,91.0,62.0,14.0,5.0,2.0,4.0,,
,,,,,,,,,,,,,0.0,15.0,16.0,15.0,38.0,2615.0,911.0,810.0,228.0,70.0,58.0,,
,,,,,,,,,,,,,1.0,27.0,24.0,25.0,79.0,319.0,145.0,99.0,34.0,17.0,10.0,,
,,,,,,,,,,,,,0.0,22.0,18.0,21.0,38.0,37.0,12.0,16.0,5.0,3.0,1.0,,
,,,,,,,,,,,,,1.0,21.0,26.0,19.0,55.0,1426.0,726.0,170.0,59.0,19.0,9.0,,
,,,,,,,,,,,,,0.0,19.0,15.0,18.0,38.0,55.0,25.0,22.0,3.0,0.0,0.0,,
,,,,,,,,,,,,,0.0,22.0,14.0,16.0,27.0,1283.0,670.0,295.0,117.0,25.0,24.0,,
,,,,,,,,,,,,,0.0,0.0,0.0,0.0,0.0,0.0,0.0,0.0,0.0,0.0,0.0,,
,,,,,,,,,,,,,0.0,0.0,0.0,0.0,0.0,0.0,0.0,0.0,0.0,0.0,0.0,,
,,,,,,,,,,,,,0.0,0.0,0.0,0.0,0.0,0.0,0.0,0.0,0.0,0.0,0.0,,
,,,,,,,,,,,,,0.0,0.0,0.0,0.0,0.0,0.0,0.0,0.0,0.0,0.0,0.0,,
,,,,,,,,,,,,,0.0,0.0,0.0,0.0,0.0,0.0,0.0,0.0,0.0,0.0,0.0,,
,,,,,,,,,,,,,0.0,0.0,0.0,0.0,0.0,0.0,0.0,0.0,0.0,0.0,0.0,,
,,,,,,,,,,,,,0.0,0.0,0.0,0.0,0.0,0.0,0.0,0.0,0.0,0.0,0.0,,
,,,,,,,,,,,,,0.0,0.0,0.0,0.0,0.0,0.0,0.0,0.0,0.0,0.0,0.0,,
,,,,,,,,,,,,,0.0,0.0,0.0,0.0,0.0,0.0,0.0,0.0,0.0,0.0,0.0,,
,,,,,,,,,,,,,0.0,0.0,0.0,0.0,0.0,0.0,0.0,0.0,0.0,0.0,0.0,,
,,,,,,,,,,,,,0.0,0.0,0.0,0.0,0.0,0.0,0.0,0.0,0.0,0.0,0.0,,
,,,,,,,,,,,,,0.0,0.0,0.0,0.0,0.0,0.0,0.0,0.0,0.0,0.0,0.0,,
,,,,,,,,,,,,,0.0,0.0,0.0,0.0,0.0,0.0,0.0,0.0,0.0,0.0,0.0,,
,,,,,,,,,,,,,0.0,0.0,0.0,0.0,0.0,0.0,0.0,0.0,0.0,0.0,0.0,,
,,,,,,,,,,,,,0.0,0.0,0.0,0.0,0.0,0.0,0.0,0.0,0.0,0.0,0.0,,
,,,,,,,,,,,,,0.0,0.0,0.0,0.0,0.0,0.0,0.0,0.0,0.0,0.0,0.0,,
,,,,,,,,,,,,,0.0,0.0,0.0,0.0,0.0,0.0,0.0,0.0,0.0,0.0,0.0,,
,,,,,,,,,,,,,0.0,0.0,0.0,0.0,0.0,0.0,0.0,0.0,0.0,0.0,0.0,,
,,,,,,,,,,,,,0.0,0.0,0.0,0.0,0.0,0.0,0.0,0.0,0.0,0.0,0.0,,
,,,,,,,,,,,,,0.0,0.0,0.0,0.0,0.0,0.0,0.0,0.0,0.0,0.0,0.0,,
,,,,,,,,,,,,,0.0,0.0,0.0,0.0,0.0,0.0,0.0,0.0,0.0,0.0,0.0,,
,,,,,,,,,,,,,0.0,0.0,0.0,0.0,0.0,0.0,0.0,0.0,0.0,0.0,0.0,,
,,,,,,,,,,,,,0.0,0.0,0.0,0.0,0.0,0.0,0.0,0.0,0.0,0.0,0.0,,
,,,,,,,,,,,,,0.0,0.0,0.0,0.0,0.0,0.0,0.0,0.0,0.0,0.0,0.0,,
,,,,,,,,,,,,,0.0,0.0,0.0,0.0,0.0,0.0,0.0,0.0,0.0,0.0,0.0,,
,,,,,,,,,,,,,0.0,0.0,0.0,0.0,0.0,0.0,0.0,0.0,0.0,0.0,0.0,,
,,,,,,,,,,,,,0.0,0.0,0.0,0.0,0.0,0.0,0.0,0.0,0.0,0.0,0.0,,
,,,,,,,,,,,,,0.0,0.0,0.0,0.0,0.0,0.0,0.0,0.0,0.0,0.0,0.0,,
,,,,,,,,,,,,,0.0,0.0,0.0,0.0,0.0,0.0,0.0,0.0,0.0,0.0,0.0,,
,,,,,,,,,,,,,0.0,0.0,0.0,0.0,0.0,0.0,0.0,0.0,0.0,0.0,0.0,,
,,,,,,,,,,,,,0.0,0.0,0.0,0.0,0.0,0.0,0.0,0.0,0.0,0.0,0.0,,
,,,,,,,,,,,,,0.0,0.0,0.0,0.0,0.0,0.0,0.0,0.0,0.0,0.0,0.0,,
,,,,,,,,,,,,,0.0,0.0,0.0,0.0,0.0,0.0,0.0,0.0,0.0,0.0,0.0,,
,,,,,,,,,,,,,0.0,0.0,0.0,0.0,0.0,0.0,0.0,0.0,0.0,0.0,0.0,,
,,,,,,,,,,,,,0.0,0.0,0.0,0.0,0.0,0.0,0.0,0.0,0.0,0.0,0.0,,
,,,,,,,,,,,,,0.0,0.0,0.0,0.0,0.0,0.0,0.0,0.0,0.0,0.0,0.0,,
,,,,,,,,,,,,,0.0,0.0,0.0,0.0,0.0,0.0,0.0,0.0,0.0,0.0,0.0,,
,,,,,,,,,,,,,0.0,0.0,0.0,0.0,0.0,0.0,0.0,0.0,0.0,0.0,0.0,,
,,,,,,,,,,,,,0.0,0.0,0.0,0.0,0.0,0.0,0.0,0.0,0.0,0.0,0.0,,
,,,,,,,,,,,,,0.0,0.0,0.0,0.0,0.0,0.0,0.0,0.0,0.0,0.0,0.0,,
,,,,,,,,,,,,,0.0,0.0,0.0,0.0,0.0,0.0,0.0,0.0,0.0,0.0,0.0,,
,,,,,,,,,,,,,0.0,0.0,0.0,0.0,0.0,0.0,0.0,0.0,0.0,0.0,0.0,,
,,,,,,,,,,,,,0.0,0.0,0.0,0.0,0.0,0.0,0.0,0.0,0.0,0.0,0.0,,
,,,,,,,,,,,,,0.0,0.0,0.0,0.0,0.0,0.0,0.0,0.0,0.0,0.0,0.0,,
,,,,,,,,,,,,,0.0,0.0,0.0,0.0,0.0,0.0,0.0,0.0,0.0,0.0,0.0,,
,,,,,,,,,,,,,0.0,0.0,0.0,0.0,0.0,0.0,0.0,0.0,0.0,0.0,0.0,,
,,,,,,,,,,,,,0.0,0.0,0.0,0.0,0.0,0.0,0.0,0.0,0.0,0.0,0.0,,
,,,,,,,,,,,,,0.0,0.0,0.0,0.0,0.0,0.0,0.0,0.0,0.0,0.0,0.0,,
,,,,,,,,,,,,,0.0,0.0,0.0,0.0,0.0,0.0,0.0,0.0,0.0,0.0,0.0,,
,,,,,,,,,,,,,0.0,0.0,0.0,0.0,0.0,0.0,0.0,0.0,0.0,0.0,0.0,,
,,,,,,,,,,,,,0.0,0.0,0.0,0.0,0.0,0.0,0.0,0.0,0.0,0.0,0.0,,
,,,,,,,,,,,,,0.0,0.0,0.0,0.0,0.0,0.0,0.0,0.0,0.0,0.0,0.0,,
,,,,,,,,,,,,,0.0,0.0,0.0,0.0,0.0,0.0,0.0,0.0,0.0,0.0,0.0,,
,,,,,,,,,,,,,0.0,0.0,0.0,0.0,0.0,0.0,0.0,0.0,0.0,0.0,0.0,,
,,,,,,,,,,,,,0.0,0.0,0.0,0.0,0.0,0.0,0.0,0.0,0.0,0.0,0.0,,
,,,,,,,,,,,,,0.0,0.0,0.0,0.0,0.0,0.0,0.0,0.0,0.0,0.0,0.0,,
,,,,,,,,,,,,,0.0,0.0,0.0,0.0,0.0,0.0,0.0,0.0,0.0,0.0,0.0,,
,,,,,,,,,,,,,0.0,0.0,0.0,0.0,0.0,0.0,0.0,0.0,0.0,0.0,0.0,,
,,,,,,,,,,,,,0.0,0.0,0.0,0.0,0.0,0.0,0.0,0.0,0.0,0.0,0.0,,
,,,,,,,,,,,,,0.0,0.0,0.0,0.0,0.0,0.0,0.0,0.0,0.0,0.0,0.0,,
,,,,,,,,,,,,,0.0,0.0,0.0,0.0,0.0,0.0,0.0,0.0,0.0,0.0,0.0,,
,,,,,,,,,,,,,0.0,0.0,0.0,0.0,0.0,0.0,0.0,0.0,0.0,0.0,0.0,,
,,,,,,,,,,,,,0.0,0.0,0.0,0.0,0.0,0.0,0.0,0.0,0.0,0.0,0.0,,
,,,,,,,,,,,,,0.0,0.0,0.0,0.0,0.0,0.0,0.0,0.0,0.0,0.0,0.0,,
,,,,,,,,,,,,,0.0,0.0,0.0,0.0,0.0,0.0,0.0,0.0,0.0,0.0,0.0,,
,,,,,,,,,,,,,0.0,0.0,0.0,0.0,0.0,0.0,0.0,0.0,0.0,0.0,0.0,,
,,,,,,,,,,,,,0.0,0.0,0.0,0.0,0.0,0.0,0.0,0.0,0.0,0.0,0.0,,
,,,,,,,,,,,,,0.0,0.0,0.0,0.0,0.0,0.0,0.0,0.0,0.0,0.0,0.0,,
,,,,,,,,,,,,,0.0,0.0,0.0,0.0,0.0,0.0,0.0,0.0,0.0,0.0,0.0,,
,,,,,,,,,,,,,0.0,0.0,0.0,0.0,0.0,0.0,0.0,0.0,0.0,0.0,0.0,,
,,,,,,,,,,,,,0.0,0.0,0.0,0.0,0.0,0.0,0.0,0.0,0.0,0.0,0.0,,
,,,,,,,,,,,,,0.0,0.0,0.0,0.0,0.0,0.0,0.0,0.0,0.0,0.0,0.0,,
,,,,,,,,,,,,,0.0,0.0,0.0,0.0,0.0,0.0,0.0,0.0,0.0,0.0,0.0,,
,,,,,,,,,,,,,0.0,0.0,0.0,0.0,0.0,0.0,0.0,0.0,0.0,0.0,0.0,,
,,,,,,,,,,,,,0.0,0.0,0.0,0.0,0.0,0.0,0.0,0.0,0.0,0.0,0.0,,
,,,,,,,,,,,,,0.0,0.0,0.0,0.0,0.0,0.0,0.0,0.0,0.0,0.0,0.0,,
,,,,,,,,,,,,,0.0,0.0,0.0,0.0,0.0,0.0,0.0,0.0,0.0,0.0,0.0,,
,,,,,,,,,,,,,0.0,0.0,0.0,0.0,0.0,0.0,0.0,0.0,0.0,0.0,0.0,,
,,,,,,,,,,,,,0.0,0.0,0.0,0.0,0.0,0.0,0.0,0.0,0.0,0.0,0.0,,
,,,,,,,,,,,,,0.0,0.0,0.0,0.0,0.0,0.0,0.0,0.0,0.0,0.0,0.0,,
,,,,,,,,,,,,,0.0,0.0,0.0,0.0,0.0,0.0,0.0,0.0,0.0,0.0,0.0,,
,,,,,,,,,,,,,0.0,0.0,0.0,0.0,0.0,0.0,0.0,0.0,0.0,0.0,0.0,,
,,,,,,,,,,,,,0.0,0.0,0.0,0.0,0.0,0.0,0.0,0.0,0.0,0.0,0.0,,
,,,,,,,,,,,,,0.0,0.0,0.0,0.0,0.0,0.0,0.0,0.0,0.0,0.0,0.0,,
,,,,,,,,,,,,,0.0,0.0,0.0,0.0,0.0,0.0,0.0,0.0,0.0,0.0,0.0,,
,,,,,,,,,,,,,0.0,0.0,0.0,0.0,0.0,0.0,0.0,0.0,0.0,0.0,0.0,,
,,,,,,,,,,,,,0.0,0.0,0.0,0.0,0.0,0.0,0.0,0.0,0.0,0.0,0.0,,
,,,,,,,,,,,,,0.0,0.0,0.0,0.0,0.0,0.0,0.0,0.0,0.0,0.0,0.0,,
,,,,,,,,,,,,,0.0,0.0,0.0,0.0,0.0,0.0,0.0,0.0,0.0,0.0,0.0,,
,,,,,,,,,,,,,0.0,0.0,0.0,0.0,0.0,0.0,0.0,0.0,0.0,0.0,0.0,,
,,,,,,,,,,,,,0.0,0.0,0.0,0.0,0.0,0.0,0.0,0.0,0.0,0.0,0.0,,
,,,,,,,,,,,,,0.0,0.0,0.0,0.0,0.0,0.0,0.0,0.0,0.0,0.0,0.0,,
,,,,,,,,,,,,,0.0,0.0,0.0,0.0,0.0,0.0,0.0,0.0,0.0,0.0,0.0,,
,,,,,,,,,,,,,0.0,0.0,0.0,0.0,0.0,0.0,0.0,0.0,0.0,0.0,0.0,,
,,,,,,,,,,,,,0.0,0.0,0.0,0.0,0.0,0.0,0.0,0.0,0.0,0.0,0.0,,
,,,,,,,,,,,,,0.0,0.0,0.0,0.0,0.0,0.0,0.0,0.0,0.0,0.0,0.0,,
,,,,,,,,,,,,,0.0,0.0,0.0,0.0,0.0,0.0,0.0,0.0,0.0,0.0,0.0,,
,,,,,,,,,,,,,0.0,0.0,0.0,0.0,0.0,0.0,0.0,0.0,0.0,0.0,0.0,,
,,,,,,,,,,,,,0.0,0.0,0.0,0.0,0.0,0.0,0.0,0.0,0.0,0.0,0.0,,
,,,,,,,,,,,,,0.0,0.0,0.0,0.0,0.0,0.0,0.0,0.0,0.0,0.0,0.0,,
,,,,,,,,,,,,,0.0,0.0,0.0,0.0,0.0,0.0,0.0,0.0,0.0,0.0,0.0,,
,,,,,,,,,,,,,0.0,0.0,0.0,0.0,0.0,0.0,0.0,0.0,0.0,0.0,0.0,,
,,,,,,,,,,,,,0.0,0.0,0.0,0.0,0.0,0.0,0.0,0.0,0.0,0.0,0.0,,
,,,,,,,,,,,,,0.0,0.0,0.0,0.0,0.0,0.0,0.0,0.0,0.0,0.0,0.0,,
,,,,,,,,,,,,,0.0,0.0,0.0,0.0,0.0,0.0,0.0,0.0,0.0,0.0,0.0,,
,,,,,,,,,,,,,0.0,0.0,0.0,0.0,0.0,0.0,0.0,0.0,0.0,0.0,0.0,,
,,,,,,,,,,,,,0.0,0.0,0.0,0.0,0.0,0.0,0.0,0.0,0.0,0.0,0.0,,
,,,,,,,,,,,,,0.0,0.0,0.0,0.0,0.0,0.0,0.0,0.0,0.0,0.0,0.0,,
,,,,,,,,,,,,,0.0,0.0,0.0,0.0,0.0,0.0,0.0,0.0,0.0,0.0,0.0,,
,,,,,,,,,,,,,0.0,0.0,0.0,0.0,0.0,0.0,0.0,0.0,0.0,0.0,0.0,,
,,,,,,,,,,,,,0.0,0.0,0.0,0.0,0.0,0.0,0.0,0.0,0.0,0.0,0.0,,
,,,,,,,,,,,,,0.0,0.0,0.0,0.0,0.0,0.0,0.0,0.0,0.0,0.0,0.0,,
,,,,,,,,,,,,,0.0,0.0,0.0,0.0,0.0,0.0,0.0,0.0,0.0,0.0,0.0,,
,,,,,,,,,,,,,0.0,0.0,0.0,0.0,0.0,0.0,0.0,0.0,0.0,0.0,0.0,,
,,,,,,,,,,,,,0.0,0.0,0.0,0.0,0.0,0.0,0.0,0.0,0.0,0.0,0.0,,
,,,,,,,,,,,,,0.0,0.0,0.0,0.0,0.0,0.0,0.0,0.0,0.0,0.0,0.0,,
A,,,,,,,,,,,,,0.0,23.0,12.0,19.0,24.0,4487.0,2812.0,334.0,139.0,54.0,37.0,0.5328541251159555,0.6728557127396413
Aix,,,,,,,,,,,,,1.0,23.0,22.0,21.0,61.0,1098.0,329.0,83.0,19.0,5.0,3.0,0.3891758823978876,0.5973388767386163
Alain Ducasse,,,,,,,,,,,,,1.0,27.0,27.0,27.0,179.0,1763.0,1033.0,238.0,143.0,83.0,46.0,0.3082941873964711,0.5805081101928924
Alouette,,,,,,,,,,,,,0.0,20.0,17.0,19.0,42.0,411.0,355.0,24.0,6.0,5.0,2.0,0.4716907093146317,0.6945601040482506
Asiate,,,,,,,,,,,,,1.0,23.0,27.0,23.0,82.0,238.0,121.0,47.0,18.0,9.0,4.0,0.4524160113139114,0.6360751545632498
Atelier,,,,,,,,,,,,,0.0,27.0,25.0,27.0,95.0,369.0,251.0,52.0,17.0,7.0,10.0,0.3152653686472497,0.6029254813667936
Balthazar,,,,,,,,,,,,,1.0,23.0,23.0,20.0,51.0,6547.0,2341.0,1348.0,459.0,146.0,106.0,0.0755821635214374,0.574845664139884
BED New York,,,,,,,,,,,,,0.0,17.0,24.0,17.0,52.0,780.0,306.0,111.0,26.0,12.0,47.0,0.3643562562537955,0.6359184229070587
Bistro Cassis,,,,,,,,,,,,,1.0,21.0,18.0,20.0,39.0,1266.0,531.0,351.0,150.0,86.0,96.0,0.3325814858493723,0.6015863814167679
Bistro du Vent,,,,,,,,,,,,,1.0,21.0,17.0,19.0,50.0,580.0,356.0,145.0,44.0,15.0,11.0,0.4210157454648526,0.582974385138671
Bistro Le Steak,,,,,,,,,,,,,0.0,17.0,14.0,17.0,41.0,957.0,374.0,158.0,27.0,21.0,25.0,0.3239395315304554,0.5782379072652313
Bistro Les Amis,,,,,,,,,,,,,0.0,20.0,17.0,19.0,39.0,1524.0,1059.0,272.0,111.0,52.0,23.0,0.3013352134091571,0.591560135006476
Bouley,,,,,,,,,,,,,1.0,28.0,26.0,27.0,87.0,2742.0,1187.0,342.0,95.0,26.0,16.0,0.3960056207701493,0.6634249131851471
Cafe Gitane,,,,,,,,,,,,,0.0,21.0,16.0,15.0,24.0,348.0,90.0,86.0,20.0,18.0,6.0,0.3537069921084801,0.5859839369273698
CamaJe,,,,,,,,,,,,,0.0,22.0,17.0,18.0,33.0,82.0,42.0,14.0,9.0,2.0,9.0,0.2757538143059664,0.5727655346351961
Casimir,,,,,,,,,,,,,0.0,20.0,20.0,16.0,34.0,681.0,132.0,84.0,16.0,7.0,11.0,0.2277924696067213,0.5254598831664299
Chanterelle,,,,,,,,,,,,,1.0,27.0,27.0,27.0,91.0,360.0,172.0,124.0,34.0,19.0,7.0,0.3456822440379477,0.5926347944729831
Chez Jacqueline,,,,,,,,,,,,,0.0,20.0,17.0,19.0,45.0,219.0,91.0,34.0,11.0,11.0,11.0,0.1702960313938663,0.5548938086090864
Chez Josephine,,,,,,,,,,,,,0.0,21.0,21.0,21.0,49.0,1005.0,469.0,258.0,94.0,35.0,28.0,0.2391720845292274,0.6414473225187511
Chez Laurence,,,,,,,,,,,,,0.0,18.0,14.0,16.0,28.0,1579.0,65.0,43.0,12.0,3.0,7.0,0.3746440462298075,0.5457251187849559
Cosette,,,,,,,,,,,,,0.0,20.0,14.0,21.0,36.0,1348.0,1031.0,149.0,74.0,41.0,35.0,0.4751932441409682,0.6539402420709871
Daniel,,,,,,,,,,,,,1.0,28.0,28.0,28.0,108.0,3392.0,2129.0,310.0,143.0,57.0,39.0,0.3026881771212556,0.5991344809405282
db Bistro Moderne,,,,,,,,,,,,,1.0,25.0,22.0,23.0,60.0,1693.0,828.0,394.0,165.0,63.0,48.0,0.549669347236758,0.6738918723472296
Deux Amis,,,,,,,,,,,,,0.0,20.0,16.0,20.0,43.0,162.0,17.0,11.0,8.0,3.0,8.0,0.2467230795824545,0.5774903955997706
Django,,,,,,,,,,,,,1.0,20.0,23.0,20.0,51.0,464.0,257.0,131.0,36.0,22.0,11.0,0.3284879085473507,0.5563277621455871
Epicerie,,,,,,,,,,,,,0.0,20.0,19.0,16.0,32.0,1185.0,168.0,122.0,47.0,18.0,18.0,0.3334560778757801,0.6111676433775112
Fleur de Sel,,,,,,,,,,,,,1.0,25.0,20.0,23.0,65.0,638.0,206.0,17.0,5.0,4.0,1.0,0.4410307989242552,0.6455667554660282
Indochine,,,,,,,,,,,,,0.0,21.0,20.0,17.0,48.0,371.0,110.0,96.0,36.0,14.0,13.0,0.2332703209488923,0.6110612139183568
Ivo & Lulu,,,,,,,,,,,,,0.0,24.0,13.0,22.0,25.0,56.0,22.0,10.0,0.0,0.0,0.0,0.4320645199006941,0.5768856693951391
Jacques Brasserie,,,,,,,,,,,,,0.0,18.0,17.0,18.0,40.0,835.0,668.0,92.0,49.0,12.0,6.0,0.3042634631669295,0.559261821745015
Jean Georges,,,,,,,,,,,,,1.0,27.0,26.0,27.0,95.0,1963.0,1112.0,229.0,113.0,58.0,39.0,0.3247703210360363,0.6096232295651118
JoJo,,,,,,,,,,,,,1.0,25.0,23.0,23.0,65.0,125.0,61.0,29.0,10.0,13.0,2.0,0.3640761565286565,0.6250334928034929
Komegashi,,,,,,,,,,,,,1.0,21.0,22.0,18.0,50.0,96.0,48.0,22.0,11.0,1.0,3.0,0.4649639577594123,0.6544963760986489
L'Entrecote,,,,,,,,,,,,,0.0,20.0,15.0,23.0,45.0,4719.0,511.0,271.0,78.0,21.0,29.0,0.3084934015499491,0.5370975284635998
L'Express,,,,,,,,,,,,,0.0,17.0,15.0,13.0,28.0,1248.0,589.0,281.0,91.0,29.0,19.0,0.221113841382731,0.5677605954997771
La Goulue,,,,,,,,,,,,,1.0,20.0,20.0,18.0,57.0,1458.0,47.0,24.0,9.0,7.0,5.0,0.3057150710290702,0.5571069968093881
La Grenouille,,,,,,,,,,,,,1.0,27.0,27.0,27.0,88.0,924.0,587.0,127.0,64.0,22.0,26.0,0.1985467170065384,0.5677170729402872
La Lunchonette,,,,,,,,,,,,,0.0,22.0,15.0,19.0,39.0,11348.0,1730.0,135.0,29.0,5.0,6.0,0.4711601550716053,0.6394745898080525
La Mirabelle,,,,,,,,,,,,,0.0,21.0,17.0,22.0,45.0,296.0,11.0,24.0,14.0,7.0,6.0,0.2977171654185914,0.6117852935657557
La Petite Auberge,,,,,,,,,,,,,0.0,20.0,15.0,21.0,43.0,1426.0,210.0,66.0,18.0,5.0,6.0,0.1187852613276311,0.5804466434105665
La Ripaille,,,,,,,,,,,,,0.0,19.0,17.0,20.0,45.0,428.0,15.0,29.0,5.0,2.0,3.0,0.3460326219871604,0.5818101968471469
Landmarc,,,,,,,,,,,,,1.0,23.0,21.0,23.0,47.0,250.0,72.0,101.0,33.0,15.0,8.0,0.3625646269240019,0.6129752886002886
Le Charlot,,,,,,,,,,,,,0.0,19.0,15.0,15.0,50.0,185.0,46.0,59.0,21.0,6.0,15.0,0.1991705949975793,0.5700011030753815
Le Colonial,,,,,,,,,,,,,1.0,21.0,23.0,19.0,50.0,1175.0,604.0,287.0,109.0,28.0,18.0,0.32547243692705,0.6259493304681797
Le Gamin,,,,,,,,,,,,,0.0,20.0,17.0,14.0,22.0,267.0,101.0,71.0,14.0,5.0,6.0,0.3597291471610925,0.6029395710507288
Le Gigot,,,,,,,,,,,,,1.0,25.0,19.0,23.0,50.0,179.0,111.0,45.0,15.0,2.0,1.0,0.3303729580904905,0.5643420613777757
Le Jardin Bistro,,,,,,,,,,,,,0.0,21.0,18.0,19.0,40.0,428.0,96.0,134.0,49.0,15.0,16.0,0.2817685706364152,0.5420770119507997
Le Monde,,,,,,,,,,,,,0.0,17.0,18.0,14.0,30.0,1072.0,271.0,228.0,83.0,23.0,15.0,0.4098106556132724,0.6112098145899216
Le Rivage,,,,,,,,,,,,,0.0,20.0,16.0,20.0,41.0,901.0,427.0,274.0,86.0,42.0,13.0,0.331599948978651,0.5707957219240904
Le Singe Vert,,,,,,,,,,,,,0.0,19.0,17.0,16.0,36.0,155.0,35.0,0.0,0.0,3.0,1.0,0.4617204230253472,0.670621303219788
Les Halles,,,,,,,,,,,,,1.0,21.0,17.0,16.0,42.0,893.0,474.0,199.0,64.0,20.0,9.0,0.1310106954246777,0.5031769051947235
Le Zinc,,,,,,,,,,,,,1.0,19.0,17.0,17.0,41.0,394.0,13.0,22.0,3.0,6.0,8.0,0.3162653616605456,0.6220686211385617
Lucien,,,,,,,,,,,,,0.0,22.0,17.0,18.0,39.0,479.0,205.0,162.0,34.0,4.0,11.0,0.3805374818332539,0.6112879635886989
Marseille,,,,,,,,,,,,,1.0,20.0,19.0,19.0,48.0,2811.0,111.0,99.0,51.0,32.0,17.0,0.2546769380311047,0.6001362022016784
Mercer Kitchen,,,,,,,,,,,,,1.0,22.0,22.0,19.0,53.0,1520.0,338.0,371.0,184.0,70.0,67.0,0.206084037300879,0.5785668639442669
"Modern, The",,,,,,,,,,,,,1.0,25.0,26.0,22.0,70.0,2141.0,1247.0,334.0,101.0,37.0,22.0,0.2326623001564408,0.5341360176282051
Montparnasse,,,,,,,,,,,,,0.0,20.0,19.0,18.0,43.0,1449.0,267.0,166.0,49.0,36.0,43.0,0.3615013247168363,0.6350885395874935
Orsay,,,,,,,,,,,,,1.0,18.0,21.0,17.0,53.0,362.0,110.0,129.0,49.0,19.0,17.0,0.2185253405004736,0.5772912842694785
Paradou,,,,,,,,,,,,,1.0,19.0,17.0,18.0,38.0,694.0,200.0,42.0,14.0,8.0,3.0,0.3909645080049889,0.6307793296897103
Park Terrace Bistro,,,,,,,,,,,,,1.0,21.0,20.0,20.0,33.0,603.0,431.0,107.0,24.0,23.0,16.0,0.3827689431689913,0.6106455833796933
Pascalou,,,,,,,,,,,,,0.0,20.0,13.0,17.0,39.0,259.0,139.0,65.0,17.0,4.0,11.0,0.3046091457594433,0.6016520271688922
per se,,,,,,,,,,,,,1.0,28.0,27.0,28.0,201.0,1868.0,1193.0,220.0,104.0,49.0,21.0,0.2808827904828448,0.5641085339758994
Petrossian,,,,,,,,,,,,,1.0,25.0,24.0,24.0,72.0,225.0,14.0,5.0,3.0,1.0,2.0,0.3360914012203884,0.6038421882531827
Pigalle,,,,,,,,,,,,,0.0,17.0,17.0,16.0,34.0,1384.0,799.0,252.0,71.0,37.0,13.0,0.3813001472853545,0.6400260298954106
Provence,,,,,,,,,,,,,0.0,21.0,21.0,20.0,52.0,1063.0,637.0,196.0,93.0,56.0,40.0,0.3032931762349824,0.5579602567621108
Quatorze Bis,,,,,,,,,,,,,1.0,21.0,19.0,19.0,52.0,220.0,113.0,58.0,20.0,10.0,14.0,0.1732250275889809,0.5403145323038282
Raoul's,,,,,,,,,,,,,1.0,23.0,19.0,20.0,53.0,422.0,231.0,100.0,32.0,7.0,8.0,0.3025215414270473,0.5472530357462536
Rue 57,,,,,,,,,,,,,0.0,19.0,19.0,17.0,45.0,2552.0,749.0,835.0,269.0,104.0,88.0,0.2645399420590746,0.561140269827837
Seppi's,,,,,,,,,,,,,0.0,18.0,16.0,17.0,44.0,173.0,16.0,11.0,3.0,3.0,0.0,0.4063307112560359,0.6401852721192548
Steak Frites,,,,,,,,,,,,,0.0,18.0,16.0,16.0,40.0,342.0,53.0,99.0,46.0,23.0,31.0,0.2761299237868787,0.649771567544124
Tocqueville,,,,,,,,,,,,,1.0,25.0,21.0,24.0,65.0,453.0,259.0,91.0,39.0,20.0,8.0,0.3050368004140435,0.6239303818776712
Triomphe,,,,,,,,,,,,,1.0,25.0,22.0,22.0,65.0,1693.0,126.0,210.0,111.0,68.0,77.0,0.1251946515818917,0.5623177610586254
Village,,,,,,,,,,,,,0.0,20.0,20.0,19.0,40.0,3205.0,1280.0,904.0,457.0,198.0,311.0,0.260106439897766,0.6175653512120358
Vong,,,,,,,,,,,,,1.0,23.0,24.0,21.0,60.0,1127.0,164.0,205.0,148.0,138.0,231.0,0.0660028566948394,0.5359355079203791
